CREATE DATABASE ORG;
DROP DATABASE ORG;
DROP TABLE ORG.Employee;
SHOW DATABASES;
USE ORG;
CREATE TABLE Employee(
EMPLOYEE_ID INT NOT NULL PRIMARY KEY,
FIRST_NAME VARCHAR(30) NOT NULL,
LAST_NAME VARCHAR(30) NOT NULL,
SALARY INT NOT NULL,
JOINING_DATE DATE NOT NULL,
DEPARTMENT VARCHAR(40) NOT NULL );
SELECT * FROM Employee;
INSERT INTO Employee 
(Employee_ID,FIRST_NAME, LAST_NAME, SALARY, JOINING_DATE, DEPARTMENT) 
VALUES(101,'Monika', 'Arora', 100000, '2022-4-15', 'HR'),
(102,'Niharika', 'Verma', 80000, '2022-04-15 ', 'Admin'),
(103,'Amitabh', 'Singh', 500000, '2022-01-15', 'Admin'),
(104,'Vivek', 'Bhati', 500000, '2022-03-15', 'Admin'),
(105,'Vipul', 'Diwan', 200000, '2022-05-15', 'Account'),
(106,'Satish', 'Kumar', 75000, '2022-06-15', 'Account'),
(107,'Geetika', 'Chauhan', 90000, '2022-06-15', 'Admin');
CREATE TABLE Bonus ( 
Employee_REF_ID INT NOT NULL,
BONUS_AMOUNT INT NOT NULL,
BONUS_DATE DATE NOT NULL,
FOREIGN KEY (Employee_REF_ID)
REFERENCES Employee(Employee_ID)
ON DELETE CASCADE
);
SELECT * FROM Bonus;
INSERT INTO Bonus 
(Employee_REF_ID, BONUS_AMOUNT, BONUS_DATE) 
VALUES(101, 5000, '2022-04-15'),
(102, 3000, '2022-04-15'),
(103, 4000, '2022-01-15'),
(104, 4500, '2022-03-15'),
(105, 3500, '2022-05-15');
CREATE TABLE Title (
Employee_REF_ID INT NOT NULL,
Employee_TITLE VARCHAR(50) NOT NULL,
AFFECTED_FROM DATE NOT NULL,
FOREIGN KEY (Employee_REF_ID)
REFERENCES Employee(Employee_ID)
ON DELETE CASCADE
);
SELECT * FROM Title;
INSERT INTO Title 
(Employee_REF_ID, Employee_TITLE, 
AFFECTED_FROM) 
VALUES(101, 'Manager', '2022-4-15'),
(102, 'Executive', '2022-04-15'),
(103, 'Executive', '2022-01-15'),
(104, 'Manager', '2022-03-15'),
(105, 'Asst. Manager','2022-05-15' ),
(106, 'Executive', '2022-06-15'),
(107, 'Lead', '2022-06-15');

